{"cameraMode":{"drawMode":0,"name":"Shaded","section":"Shading Mode"},"sceneLighting":true,"audioPlay":false,"sceneViewState":{"m_AlwaysRefresh":false,"showFog":true,"showSkybox":true,"showFlares":true,"showImageEffects":true,"showParticleSystems":true,"showVisualEffectGraphs":true,"m_FxEnabled":false},"in2DMode":false,"pivot":{"x":-20.754165649414064,"y":17.180858612060548,"z":-27.015419006347658},"rotation":{"x":-0.24308687448501588,"y":-0.18896222114562989,"z":0.04829709976911545,"w":-0.9501819610595703},"size":2.3915598392486574,"orthographic":false}